{
  "sample_id": "fe_03_11699_c0_a1",
  "sample_rate": 24000,
  "target_active_rms": 0.02,
  "active_threshold": 0.00024,
  "peak_limit": 0.95,
  "user_output": "/lustre/fsw/portfolios/llmservice/users/cchen1/code/duplex_rl/exp_benchmark/dense_text_only_16s_stride1_commit1/tts_triplets_norm/fisher_selected_ttsrepair_temp07_top10_asrrerank3_fulltimeline_wps48_maxext2/fe_03_11699_c0_a1/fe_03_11699_c0_a1__user.wav",
  "pred_output": "/lustre/fsw/portfolios/llmservice/users/cchen1/code/duplex_rl/exp_benchmark/dense_text_only_16s_stride1_commit1/tts_triplets_norm/fisher_selected_ttsrepair_temp07_top10_asrrerank3_fulltimeline_wps48_maxext2/fe_03_11699_c0_a1/fe_03_11699_c0_a1__pred.wav",
  "stereo_output": "/lustre/fsw/portfolios/llmservice/users/cchen1/code/duplex_rl/exp_benchmark/dense_text_only_16s_stride1_commit1/tts_triplets_norm/fisher_selected_ttsrepair_temp07_top10_asrrerank3_fulltimeline_wps48_maxext2/fe_03_11699_c0_a1/fe_03_11699_c0_a1__stereo.wav",
  "user_duration_sec": 19.0,
  "pred_duration_sec": 19.0,
  "stereo_duration_sec": 19.0,
  "user": {
    "input_rms": 0.043369452585893156,
    "input_active_rms": 0.08214667746532728,
    "input_peak": 0.595947265625,
    "scale": 0.23585366967140398,
    "output_rms": 0.01022884810582795,
    "output_active_rms": 0.02004092591089182,
    "output_peak": 0.14056396484375,
    "output_peak_i16": 4606
  },
  "pred": {
    "input_rms": 0.0350795002804651,
    "input_active_rms": 0.08058291488876783,
    "input_peak": 0.989990234375,
    "scale": 0.2388395165299522,
    "output_rms": 0.008378391292593169,
    "output_active_rms": 0.020016727836401495,
    "output_peak": 0.2364501953125,
    "output_peak_i16": 7748
  },
  "postcheck": {
    "user_rms": 0.01022884810582795,
    "user_active_rms": 0.02004092591089182,
    "user_peak": 0.14056396484375,
    "pred_rms": 0.008378391292593169,
    "pred_active_rms": 0.020016727836401495,
    "pred_peak": 0.2364501953125
  }
}