{
  "sample_id": "V00_S0155_I00000498",
  "sample_rate": 24000,
  "target_active_rms": 0.02,
  "active_threshold": 0.00024,
  "peak_limit": 0.95,
  "user_output": "/lustre/fsw/portfolios/llmservice/users/cchen1/code/duplex_rl/demo/static/audio/V00_S0155_I00000498/V00_S0155_I00000498__user.wav",
  "pred_output": "/lustre/fsw/portfolios/llmservice/users/cchen1/code/duplex_rl/demo/static/audio/V00_S0155_I00000498/V00_S0155_I00000498__pred.wav",
  "stereo_output": "/lustre/fsw/portfolios/llmservice/users/cchen1/code/duplex_rl/demo/static/audio/V00_S0155_I00000498/V00_S0155_I00000498__stereo.wav",
  "user_duration_sec": 23.0,
  "pred_duration_sec": 23.0,
  "stereo_duration_sec": 23.0,
  "user": {
    "input_rms": 0.0012895323265128473,
    "input_active_rms": 0.0032893842168646046,
    "input_peak": 0.043060302734375,
    "scale": 14.239831421635268,
    "output_rms": 0.02525160534630647,
    "output_active_rms": 0.027150466825811428,
    "output_peak": 0.6131591796875,
    "output_peak_i16": 20092
  },
  "pred": {
    "input_rms": 0.04479679289707202,
    "input_active_rms": 0.07477469994547732,
    "input_peak": 0.756744384765625,
    "scale": 0.2583850837929523,
    "output_rms": 0.012725449266126275,
    "output_active_rms": 0.019019922881741758,
    "output_peak": 0.18756103515625,
    "output_peak_i16": 6146
  },
  "postcheck": {
    "user_rms": 0.018362605637135945,
    "user_active_rms": 0.019999777811539544,
    "user_peak": 0.6131591796875,
    "pred_rms": 0.011574809217015885,
    "pred_active_rms": 0.02002185390477578,
    "pred_peak": 0.195526123046875
  },
  "source_sample_id": "V00_S0155_I00000498",
  "postprocess": {
    "trim_start_sec": 0.0,
    "trim_end_sec": 23.0,
    "normalization": "unchanged_after_trim",
    "source_case_dir": "/lustre/fsw/portfolios/llmservice/users/cchen1/code/duplex_rl/exp_benchmark/turn_taking_v1_implcheck/runs/seamless_selected_rhythm_step60_dense8_all_max60_20260509/tts_triplets_norm/rhythm_step60_dense8_all_commit1_cases5_ttsrepair_temp07_top10_asrrerank3_fulltimeline_wps48_maxext2/V00_S0155_I00000498"
  }
}
