{
  "sample_id": "V00_S0426_I00000373",
  "sample_rate": 24000,
  "target_active_rms": 0.02,
  "active_threshold": 0.00024,
  "peak_limit": 0.95,
  "user_output": "/lustre/fsw/portfolios/llmservice/users/cchen1/code/duplex_rl/demo/static/audio/V00_S0426_I00000373/V00_S0426_I00000373__user.wav",
  "pred_output": "/lustre/fsw/portfolios/llmservice/users/cchen1/code/duplex_rl/demo/static/audio/V00_S0426_I00000373/V00_S0426_I00000373__pred.wav",
  "stereo_output": "/lustre/fsw/portfolios/llmservice/users/cchen1/code/duplex_rl/demo/static/audio/V00_S0426_I00000373/V00_S0426_I00000373__stereo.wav",
  "user_duration_sec": 27.0,
  "pred_duration_sec": 27.0,
  "stereo_duration_sec": 27.0,
  "user": {
    "input_rms": 0.016936996959577157,
    "input_active_rms": 0.02000000245824639,
    "input_peak": 0.5037841796875,
    "scale": 0.9999998770876956,
    "output_rms": 0.016936996959577157,
    "output_active_rms": 0.02000000245824639,
    "output_peak": 0.5037841796875,
    "output_peak_i16": 16508
  },
  "pred": {
    "input_rms": 0.0092547820648407,
    "input_active_rms": 0.019999998203097776,
    "input_peak": 0.203948974609375,
    "scale": 1.0000000898451193,
    "output_rms": 0.0092547820648407,
    "output_active_rms": 0.019999998203097776,
    "output_peak": 0.203948974609375,
    "output_peak_i16": 6683
  },
  "postcheck": {
    "user_rms": 0.016936996959577157,
    "user_active_rms": 0.02000000245824639,
    "user_peak": 0.5037841796875,
    "pred_rms": 0.0092547820648407,
    "pred_active_rms": 0.019999998203097776,
    "pred_peak": 0.203948974609375
  },
  "postprocess": {
    "trim_start_sec": 0.0,
    "trim_end_sec": 29.0,
    "pred_silenced_before_sec": 15.19,
    "normalization": "active_rms_per_channel_before_stereo_mix"
  }
}